rank,filename,window_start,window_end,frequency,unique_count,support,max_consecutive_same_source,max_consecutive_same_target,tracing_count,cycle_count,max_consecutive_same_category,sparsity,correctness,matched
1,WH6V,94,125,2118,89,0.9175,1.0,0.0,0.0,0.0,0.25,0.67,0.0,"{""match_0001"": {""filename"": ""24PR"", ""window_start"": 187, ""window_end"": 218, ""distance"": 0.0}, ""match_0002"": {""filename"": ""H634"", ""window_start"": 194, ""window_end"": 225, ""distance"": 0.0}, ""match_0003"": {""filename"": ""W4G3"", ""window_start"": 109, ""window_end"": 140, ""distance"": 0.0}, ""match_0004"": {""filename"": ""H634"", ""window_start"": 247, ""window_end"": 278, ""distance"": 0.0}, ""match_0005"": {""filename"": ""H634"", ""window_start"": 246, ""window_end"": 277, ""distance"": 0.0}, ""match_0006"": {""filename"": ""WY9R"", ""window_start"": 218, ""window_end"": 249, ""distance"": 0.0}, ""match_0007"": {""filename"": ""X2MP"", ""window_start"": 67, ""window_end"": 98, ""distance"": 0.0}, ""match_0008"": {""filename"": ""4B79"", ""window_start"": 200, ""window_end"": 231, ""distance"": 0.0}, ""match_0009"": {""filename"": ""MBKT"", ""window_start"": 107, ""window_end"": 138, ""distance"": 0.0}, ""match_0010"": {""filename"": ""64X9"", ""window_start"": 120, ""window_end"": 151, ""distance"": 0.0}}"
2,WY9R,220,251,2116,89,0.9175,1.0,0.0,0.0,0.0,0.25,0.67,0.0,"{""match_0001"": {""filename"": ""24PR"", ""window_start"": 187, ""window_end"": 218, ""distance"": 0.0}, ""match_0002"": {""filename"": ""ZBB2"", ""window_start"": 271, ""window_end"": 302, ""distance"": 0.0}, ""match_0003"": {""filename"": ""3FTG"", ""window_start"": 277, ""window_end"": 308, ""distance"": 0.0}, ""match_0004"": {""filename"": ""BCFH"", ""window_start"": 423, ""window_end"": 454, ""distance"": 0.0}, ""match_0005"": {""filename"": ""CTVZ"", ""window_start"": 88, ""window_end"": 119, ""distance"": 0.0}, ""match_0006"": {""filename"": ""64X9"", ""window_start"": 120, ""window_end"": 151, ""distance"": 0.0}, ""match_0007"": {""filename"": ""XCDP"", ""window_start"": 137, ""window_end"": 168, ""distance"": 0.0}, ""match_0008"": {""filename"": ""X3KR"", ""window_start"": 121, ""window_end"": 152, ""distance"": 0.0}, ""match_0009"": {""filename"": ""4B79"", ""window_start"": 197, ""window_end"": 228, ""distance"": 0.0}, ""match_0010"": {""filename"": ""MBKT"", ""window_start"": 105, ""window_end"": 136, ""distance"": 0.0}}"
3,X3KR,121,152,2114,89,0.9175,1.0,0.0,0.0,0.0,0.25,0.67,0.0,"{""match_0001"": {""filename"": ""CTVZ"", ""window_start"": 87, ""window_end"": 118, ""distance"": 0.0}, ""match_0002"": {""filename"": ""D2RK"", ""window_start"": 251, ""window_end"": 282, ""distance"": 0.0}, ""match_0003"": {""filename"": ""WY9R"", ""window_start"": 222, ""window_end"": 253, ""distance"": 0.0}, ""match_0004"": {""filename"": ""64X9"", ""window_start"": 120, ""window_end"": 151, ""distance"": 0.0}, ""match_0005"": {""filename"": ""MBKT"", ""window_start"": 105, ""window_end"": 136, ""distance"": 0.0}, ""match_0006"": {""filename"": ""X2MP"", ""window_start"": 67, ""window_end"": 98, ""distance"": 0.0}, ""match_0007"": {""filename"": ""BCFH"", ""window_start"": 424, ""window_end"": 455, ""distance"": 0.0}, ""match_0008"": {""filename"": ""XCDP"", ""window_start"": 136, ""window_end"": 167, ""distance"": 0.0}, ""match_0009"": {""filename"": ""W4G3"", ""window_start"": 107, ""window_end"": 138, ""distance"": 0.0}}"
4,W4G3,108,139,2112,89,0.9175,1.0,0.0,0.0,0.0,0.25,0.67,0.0,"{""match_0001"": {""filename"": ""24PR"", ""window_start"": 187, ""window_end"": 218, ""distance"": 0.0}, ""match_0002"": {""filename"": ""4B79"", ""window_start"": 199, ""window_end"": 230, ""distance"": 0.0}, ""match_0003"": {""filename"": ""MBKT"", ""window_start"": 107, ""window_end"": 138, ""distance"": 0.0}, ""match_0004"": {""filename"": ""WY9R"", ""window_start"": 221, ""window_end"": 252, ""distance"": 0.0}, ""match_0005"": {""filename"": ""X3KR"", ""window_start"": 121, ""window_end"": 152, ""distance"": 0.0}, ""match_0006"": {""filename"": ""XCDP"", ""window_start"": 136, ""window_end"": 167, ""distance"": 0.0}, ""match_0007"": {""filename"": ""WCYT"", ""window_start"": 227, ""window_end"": 258, ""distance"": 0.0}}"
5,24PR,187,218,2108,89,0.9175,1.0,0.0,0.0,0.0,0.25,0.67,0.25,"{""match_0001"": {""filename"": ""3FTG"", ""window_start"": 277, ""window_end"": 308, ""distance"": 0.0}, ""match_0002"": {""filename"": ""WH6V"", ""window_start"": 94, ""window_end"": 125, ""distance"": 0.0}, ""match_0003"": {""filename"": ""D2RK"", ""window_start"": 251, ""window_end"": 282, ""distance"": 0.0}, ""match_0004"": {""filename"": ""WY9R"", ""window_start"": 220, ""window_end"": 251, ""distance"": 0.0}, ""match_0005"": {""filename"": ""X3KR"", ""window_start"": 121, ""window_end"": 152, ""distance"": 0.0}, ""match_0006"": {""filename"": ""X2MP"", ""window_start"": 67, ""window_end"": 98, ""distance"": 0.0}, ""match_0007"": {""filename"": ""MBKT"", ""window_start"": 107, ""window_end"": 138, ""distance"": 0.0}, ""match_0008"": {""filename"": ""WCYT"", ""window_start"": 231, ""window_end"": 262, ""distance"": 0.0}, ""match_0009"": {""filename"": ""XCDP"", ""window_start"": 136, ""window_end"": 167, ""distance"": 0.0}, ""match_0010"": {""filename"": ""WCYT"", ""window_start"": 137, ""window_end"": 168, ""distance"": 0.0}}"
6,64X9,120,151,2108,89,0.9175,1.0,0.0,0.0,0.0,0.25,0.67,0.0,"{""match_0001"": {""filename"": ""ZBB2"", ""window_start"": 271, ""window_end"": 302, ""distance"": 0.0}, ""match_0002"": {""filename"": ""3FTG"", ""window_start"": 277, ""window_end"": 308, ""distance"": 0.0}, ""match_0003"": {""filename"": ""H634"", ""window_start"": 247, ""window_end"": 278, ""distance"": 0.0}, ""match_0004"": {""filename"": ""H634"", ""window_start"": 193, ""window_end"": 224, ""distance"": 0.0}, ""match_0005"": {""filename"": ""H634"", ""window_start"": 194, ""window_end"": 225, ""distance"": 0.0}, ""match_0006"": {""filename"": ""H634"", ""window_start"": 192, ""window_end"": 223, ""distance"": 0.0}, ""match_0007"": {""filename"": ""H634"", ""window_start"": 191, ""window_end"": 222, ""distance"": 0.0}, ""match_0008"": {""filename"": ""MBKT"", ""window_start"": 122, ""window_end"": 153, ""distance"": 0.0}, ""match_0009"": {""filename"": ""CTVZ"", ""window_start"": 88, ""window_end"": 119, ""distance"": 0.0}, ""match_0010"": {""filename"": ""D2RK"", ""window_start"": 251, ""window_end"": 282, ""distance"": 0.0}}"
7,XCDP,137,168,2106,89,0.9175,1.0,0.0,0.0,0.0,0.25,0.67,0.25,"{""match_0001"": {""filename"": ""24PR"", ""window_start"": 187, ""window_end"": 218, ""distance"": 0.0}, ""match_0002"": {""filename"": ""H634"", ""window_start"": 246, ""window_end"": 277, ""distance"": 0.0}, ""match_0003"": {""filename"": ""H634"", ""window_start"": 194, ""window_end"": 225, ""distance"": 0.0}, ""match_0004"": {""filename"": ""W4G3"", ""window_start"": 108, ""window_end"": 139, ""distance"": 0.0}, ""match_0005"": {""filename"": ""H634"", ""window_start"": 192, ""window_end"": 223, ""distance"": 0.0}, ""match_0006"": {""filename"": ""H634"", ""window_start"": 193, ""window_end"": 224, ""distance"": 0.0}, ""match_0007"": {""filename"": ""X2MP"", ""window_start"": 67, ""window_end"": 98, ""distance"": 0.0}, ""match_0008"": {""filename"": ""X3KR"", ""window_start"": 121, ""window_end"": 152, ""distance"": 0.0}, ""match_0009"": {""filename"": ""4B79"", ""window_start"": 197, ""window_end"": 228, ""distance"": 0.0}, ""match_0010"": {""filename"": ""D2RK"", ""window_start"": 251, ""window_end"": 282, ""distance"": 0.0}}"
8,4B79,199,230,2104,89,0.9175,1.0,0.0,0.0,0.0,0.25,0.67,0.0,"{""match_0001"": {""filename"": ""D2RK"", ""window_start"": 251, ""window_end"": 282, ""distance"": 0.0}, ""match_0002"": {""filename"": ""XCDP"", ""window_start"": 138, ""window_end"": 169, ""distance"": 0.0}, ""match_0003"": {""filename"": ""W4G3"", ""window_start"": 108, ""window_end"": 139, ""distance"": 0.0}, ""match_0004"": {""filename"": ""WY9R"", ""window_start"": 222, ""window_end"": 253, ""distance"": 0.0}, ""match_0005"": {""filename"": ""WCYT"", ""window_start"": 134, ""window_end"": 165, ""distance"": 0.0}, ""match_0006"": {""filename"": ""X2MP"", ""window_start"": 217, ""window_end"": 248, ""distance"": 0.0}, ""match_0007"": {""filename"": ""WH6V"", ""window_start"": 94, ""window_end"": 125, ""distance"": 0.0}, ""match_0008"": {""filename"": ""BCFH"", ""window_start"": 425, ""window_end"": 456, ""distance"": 0.0}, ""match_0009"": {""filename"": ""H634"", ""window_start"": 191, ""window_end"": 222, ""distance"": 0.0}}"
9,WCYT,138,169,2095,89,0.9175,1.0,0.0,0.0,0.0,0.25,0.67,0.25,"{""match_0001"": {""filename"": ""ZBB2"", ""window_start"": 271, ""window_end"": 302, ""distance"": 0.0}, ""match_0002"": {""filename"": ""X3KR"", ""window_start"": 120, ""window_end"": 151, ""distance"": 0.0}, ""match_0003"": {""filename"": ""X2MP"", ""window_start"": 217, ""window_end"": 248, ""distance"": 0.0}, ""match_0004"": {""filename"": ""MBKT"", ""window_start"": 122, ""window_end"": 153, ""distance"": 0.0}, ""match_0005"": {""filename"": ""64X9"", ""window_start"": 120, ""window_end"": 151, ""distance"": 0.0}, ""match_0006"": {""filename"": ""XCDP"", ""window_start"": 136, ""window_end"": 167, ""distance"": 0.0}, ""match_0007"": {""filename"": ""D2RK"", ""window_start"": 251, ""window_end"": 282, ""distance"": 0.0}, ""match_0008"": {""filename"": ""X2MP"", ""window_start"": 67, ""window_end"": 98, ""distance"": 0.0}, ""match_0009"": {""filename"": ""WY9R"", ""window_start"": 222, ""window_end"": 253, ""distance"": 0.0}, ""match_0010"": {""filename"": ""4B79"", ""window_start"": 197, ""window_end"": 228, ""distance"": 0.0}}"
10,WCYT,230,261,2095,89,0.9175,1.0,0.0,0.0,0.0,0.25,0.67,0.25,"{""match_0001"": {""filename"": ""ZBB2"", ""window_start"": 271, ""window_end"": 302, ""distance"": 0.0}, ""match_0002"": {""filename"": ""X3KR"", ""window_start"": 120, ""window_end"": 151, ""distance"": 0.0}, ""match_0003"": {""filename"": ""X2MP"", ""window_start"": 217, ""window_end"": 248, ""distance"": 0.0}, ""match_0004"": {""filename"": ""MBKT"", ""window_start"": 122, ""window_end"": 153, ""distance"": 0.0}, ""match_0005"": {""filename"": ""64X9"", ""window_start"": 120, ""window_end"": 151, ""distance"": 0.0}, ""match_0006"": {""filename"": ""XCDP"", ""window_start"": 136, ""window_end"": 167, ""distance"": 0.0}, ""match_0007"": {""filename"": ""D2RK"", ""window_start"": 251, ""window_end"": 282, ""distance"": 0.0}, ""match_0008"": {""filename"": ""X2MP"", ""window_start"": 67, ""window_end"": 98, ""distance"": 0.0}, ""match_0009"": {""filename"": ""WY9R"", ""window_start"": 222, ""window_end"": 253, ""distance"": 0.0}, ""match_0010"": {""filename"": ""4B79"", ""window_start"": 197, ""window_end"": 228, ""distance"": 0.0}}"
11,3FTG,277,308,2088,89,0.9175,1.0,0.0,0.0,0.0,0.25,0.67,0.25,"{""match_0001"": {""filename"": ""24PR"", ""window_start"": 187, ""window_end"": 218, ""distance"": 0.0}, ""match_0002"": {""filename"": ""ZBB2"", ""window_start"": 271, ""window_end"": 302, ""distance"": 0.0}, ""match_0003"": {""filename"": ""X2MP"", ""window_start"": 217, ""window_end"": 248, ""distance"": 0.0}, ""match_0004"": {""filename"": ""WY9R"", ""window_start"": 222, ""window_end"": 253, ""distance"": 0.0}, ""match_0005"": {""filename"": ""X2MP"", ""window_start"": 67, ""window_end"": 98, ""distance"": 0.0}, ""match_0006"": {""filename"": ""4B79"", ""window_start"": 201, ""window_end"": 232, ""distance"": 0.0}, ""match_0007"": {""filename"": ""H634"", ""window_start"": 194, ""window_end"": 225, ""distance"": 0.0}, ""match_0008"": {""filename"": ""H634"", ""window_start"": 246, ""window_end"": 277, ""distance"": 0.0}, ""match_0009"": {""filename"": ""H634"", ""window_start"": 247, ""window_end"": 278, ""distance"": 0.0}, ""match_0010"": {""filename"": ""MBKT"", ""window_start"": 105, ""window_end"": 136, ""distance"": 0.0}}"
12,X2MP,67,98,2087,89,0.9175,1.0,0.0,0.0,0.0,0.25,0.67,0.0,"{""match_0001"": {""filename"": ""24PR"", ""window_start"": 187, ""window_end"": 218, ""distance"": 0.0}, ""match_0002"": {""filename"": ""MBKT"", ""window_start"": 120, ""window_end"": 151, ""distance"": 0.0}, ""match_0003"": {""filename"": ""D2RK"", ""window_start"": 251, ""window_end"": 282, ""distance"": 0.0}, ""match_0004"": {""filename"": ""XCDP"", ""window_start"": 137, ""window_end"": 168, ""distance"": 0.0}, ""match_0005"": {""filename"": ""WH6V"", ""window_start"": 93, ""window_end"": 124, ""distance"": 0.0}, ""match_0006"": {""filename"": ""WY9R"", ""window_start"": 218, ""window_end"": 249, ""distance"": 0.0}, ""match_0007"": {""filename"": ""64X9"", ""window_start"": 120, ""window_end"": 151, ""distance"": 0.0}, ""match_0008"": {""filename"": ""X3KR"", ""window_start"": 120, ""window_end"": 151, ""distance"": 0.0}, ""match_0009"": {""filename"": ""4B79"", ""window_start"": 200, ""window_end"": 231, ""distance"": 0.0}}"
13,X2MP,217,248,2087,89,0.9175,1.0,0.0,0.0,0.0,0.25,0.67,0.0,"{""match_0001"": {""filename"": ""24PR"", ""window_start"": 187, ""window_end"": 218, ""distance"": 0.0}, ""match_0002"": {""filename"": ""MBKT"", ""window_start"": 120, ""window_end"": 151, ""distance"": 0.0}, ""match_0003"": {""filename"": ""D2RK"", ""window_start"": 251, ""window_end"": 282, ""distance"": 0.0}, ""match_0004"": {""filename"": ""XCDP"", ""window_start"": 137, ""window_end"": 168, ""distance"": 0.0}, ""match_0005"": {""filename"": ""WH6V"", ""window_start"": 93, ""window_end"": 124, ""distance"": 0.0}, ""match_0006"": {""filename"": ""WY9R"", ""window_start"": 218, ""window_end"": 249, ""distance"": 0.0}, ""match_0007"": {""filename"": ""64X9"", ""window_start"": 120, ""window_end"": 151, ""distance"": 0.0}, ""match_0008"": {""filename"": ""X3KR"", ""window_start"": 120, ""window_end"": 151, ""distance"": 0.0}, ""match_0009"": {""filename"": ""4B79"", ""window_start"": 200, ""window_end"": 231, ""distance"": 0.0}}"
14,ZBB2,271,302,2087,89,0.9175,1.0,0.0,0.0,0.0,0.25,0.67,0.25,"{""match_0001"": {""filename"": ""24PR"", ""window_start"": 186, ""window_end"": 217, ""distance"": 0.0}, ""match_0002"": {""filename"": ""H634"", ""window_start"": 194, ""window_end"": 225, ""distance"": 0.0}, ""match_0003"": {""filename"": ""H634"", ""window_start"": 246, ""window_end"": 277, ""distance"": 0.0}, ""match_0004"": {""filename"": ""H634"", ""window_start"": 247, ""window_end"": 278, ""distance"": 0.0}, ""match_0005"": {""filename"": ""3FTG"", ""window_start"": 277, ""window_end"": 308, ""distance"": 0.0}, ""match_0006"": {""filename"": ""MBKT"", ""window_start"": 120, ""window_end"": 151, ""distance"": 0.0}, ""match_0007"": {""filename"": ""WCYT"", ""window_start"": 231, ""window_end"": 262, ""distance"": 0.0}, ""match_0008"": {""filename"": ""WY9R"", ""window_start"": 218, ""window_end"": 249, ""distance"": 0.0}, ""match_0009"": {""filename"": ""X2MP"", ""window_start"": 217, ""window_end"": 248, ""distance"": 0.0}, ""match_0010"": {""filename"": ""4B79"", ""window_start"": 201, ""window_end"": 232, ""distance"": 0.0}}"
15,D2RK,251,282,2084,89,0.9175,1.0,0.0,0.0,0.0,0.25,0.67,0.25,"{""match_0001"": {""filename"": ""24PR"", ""window_start"": 187, ""window_end"": 218, ""distance"": 0.0}, ""match_0002"": {""filename"": ""BCFH"", ""window_start"": 424, ""window_end"": 455, ""distance"": 0.0}, ""match_0003"": {""filename"": ""WCYT"", ""window_start"": 140, ""window_end"": 171, ""distance"": 0.0}, ""match_0004"": {""filename"": ""CTVZ"", ""window_start"": 88, ""window_end"": 119, ""distance"": 0.0}, ""match_0005"": {""filename"": ""W4G3"", ""window_start"": 109, ""window_end"": 140, ""distance"": 0.0}}"
16,CTVZ,88,119,2075,89,0.9175,1.0,0.0,0.0,0.0,0.25,0.67,0.25,"{""match_0001"": {""filename"": ""24PR"", ""window_start"": 187, ""window_end"": 218, ""distance"": 0.0}, ""match_0002"": {""filename"": ""H634"", ""window_start"": 246, ""window_end"": 277, ""distance"": 0.0}, ""match_0003"": {""filename"": ""64X9"", ""window_start"": 120, ""window_end"": 151, ""distance"": 0.0}, ""match_0004"": {""filename"": ""MBKT"", ""window_start"": 122, ""window_end"": 153, ""distance"": 0.0}, ""match_0005"": {""filename"": ""XCDP"", ""window_start"": 138, ""window_end"": 169, ""distance"": 0.0}, ""match_0006"": {""filename"": ""4B79"", ""window_start"": 200, ""window_end"": 231, ""distance"": 0.0}, ""match_0007"": {""filename"": ""WCYT"", ""window_start"": 229, ""window_end"": 260, ""distance"": 0.0}, ""match_0008"": {""filename"": ""WCYT"", ""window_start"": 143, ""window_end"": 174, ""distance"": 0.0}}"
17,BCFH,424,455,2056,89,0.9175,1.0,0.0,0.0,0.0,0.25,0.67,0.0,"{""match_0001"": {""filename"": ""24PR"", ""window_start"": 186, ""window_end"": 217, ""distance"": 0.0}, ""match_0002"": {""filename"": ""X2MP"", ""window_start"": 217, ""window_end"": 248, ""distance"": 0.0}, ""match_0003"": {""filename"": ""ZBB2"", ""window_start"": 271, ""window_end"": 302, ""distance"": 0.0}, ""match_0004"": {""filename"": ""MBKT"", ""window_start"": 121, ""window_end"": 152, ""distance"": 0.0}, ""match_0005"": {""filename"": ""WH6V"", ""window_start"": 93, ""window_end"": 124, ""distance"": 0.0}, ""match_0006"": {""filename"": ""4B79"", ""window_start"": 201, ""window_end"": 232, ""distance"": 0.0}, ""match_0007"": {""filename"": ""WY9R"", ""window_start"": 221, ""window_end"": 252, ""distance"": 0.0}}"
18,MBKT,120,151,2054,89,0.9175,1.0,0.0,0.0,0.0,0.25,0.67,0.0,"{""match_0001"": {""filename"": ""WCYT"", ""window_start"": 142, ""window_end"": 173, ""distance"": 0.0}, ""match_0002"": {""filename"": ""W4G3"", ""window_start"": 109, ""window_end"": 140, ""distance"": 0.0}, ""match_0003"": {""filename"": ""H634"", ""window_start"": 194, ""window_end"": 225, ""distance"": 0.0}, ""match_0004"": {""filename"": ""4B79"", ""window_start"": 198, ""window_end"": 229, ""distance"": 0.0}, ""match_0005"": {""filename"": ""XCDP"", ""window_start"": 136, ""window_end"": 167, ""distance"": 0.0}, ""match_0006"": {""filename"": ""X3KR"", ""window_start"": 121, ""window_end"": 152, ""distance"": 0.0}, ""match_0007"": {""filename"": ""WY9R"", ""window_start"": 218, ""window_end"": 249, ""distance"": 0.0}, ""match_0008"": {""filename"": ""D2RK"", ""window_start"": 251, ""window_end"": 282, ""distance"": 0.0}, ""match_0009"": {""filename"": ""64X9"", ""window_start"": 120, ""window_end"": 151, ""distance"": 0.0}}"
19,H634,193,224,2022,89,0.9175,1.0,0.0,0.0,0.0,0.25,0.67,0.25,"{""match_0001"": {""filename"": ""24PR"", ""window_start"": 187, ""window_end"": 218, ""distance"": 0.0}, ""match_0002"": {""filename"": ""BCFH"", ""window_start"": 423, ""window_end"": 454, ""distance"": 0.0}, ""match_0003"": {""filename"": ""D2RK"", ""window_start"": 251, ""window_end"": 282, ""distance"": 0.0}, ""match_0004"": {""filename"": ""W4G3"", ""window_start"": 107, ""window_end"": 138, ""distance"": 0.0}, ""match_0005"": {""filename"": ""MBKT"", ""window_start"": 107, ""window_end"": 138, ""distance"": 0.0}, ""match_0006"": {""filename"": ""4B79"", ""window_start"": 199, ""window_end"": 230, ""distance"": 0.0}, ""match_0007"": {""filename"": ""X2MP"", ""window_start"": 217, ""window_end"": 248, ""distance"": 0.0}, ""match_0008"": {""filename"": ""XCDP"", ""window_start"": 138, ""window_end"": 169, ""distance"": 0.0}, ""match_0009"": {""filename"": ""X2MP"", ""window_start"": 67, ""window_end"": 98, ""distance"": 0.0}}"
20,H634,247,278,2022,89,0.9175,1.0,0.0,0.0,0.0,0.25,0.67,0.25,"{""match_0001"": {""filename"": ""24PR"", ""window_start"": 187, ""window_end"": 218, ""distance"": 0.0}, ""match_0002"": {""filename"": ""BCFH"", ""window_start"": 423, ""window_end"": 454, ""distance"": 0.0}, ""match_0003"": {""filename"": ""D2RK"", ""window_start"": 251, ""window_end"": 282, ""distance"": 0.0}, ""match_0004"": {""filename"": ""W4G3"", ""window_start"": 107, ""window_end"": 138, ""distance"": 0.0}, ""match_0005"": {""filename"": ""MBKT"", ""window_start"": 107, ""window_end"": 138, ""distance"": 0.0}, ""match_0006"": {""filename"": ""4B79"", ""window_start"": 199, ""window_end"": 230, ""distance"": 0.0}, ""match_0007"": {""filename"": ""X2MP"", ""window_start"": 217, ""window_end"": 248, ""distance"": 0.0}, ""match_0008"": {""filename"": ""XCDP"", ""window_start"": 138, ""window_end"": 169, ""distance"": 0.0}, ""match_0009"": {""filename"": ""X2MP"", ""window_start"": 67, ""window_end"": 98, ""distance"": 0.0}}"
21,MGT4,97,128,2085,88,0.9072,1.0,0.0,0.0,0.0,0.33,0.73,0.33,"{""match_0001"": {""filename"": ""24PR"", ""window_start"": 190, ""window_end"": 221, ""distance"": 0.0}, ""match_0002"": {""filename"": ""ZW7M"", ""window_start"": 1, ""window_end"": 32, ""distance"": 0.0}, ""match_0003"": {""filename"": ""GF46"", ""window_start"": 245, ""window_end"": 276, ""distance"": 0.0}, ""match_0004"": {""filename"": ""TGHV"", ""window_start"": 320, ""window_end"": 351, ""distance"": 0.0}, ""match_0005"": {""filename"": ""MBKT"", ""window_start"": 103, ""window_end"": 134, ""distance"": 0.0}, ""match_0006"": {""filename"": ""CTVZ"", ""window_start"": 85, ""window_end"": 116, ""distance"": 0.0}, ""match_0007"": {""filename"": ""TTMD"", ""window_start"": 419, ""window_end"": 450, ""distance"": 0.0}, ""match_0008"": {""filename"": ""H634"", ""window_start"": 245, ""window_end"": 276, ""distance"": 0.0}, ""match_0009"": {""filename"": ""F4CW"", ""window_start"": 183, ""window_end"": 214, ""distance"": 0.0}, ""match_0010"": {""filename"": ""W4G3"", ""window_start"": 231, ""window_end"": 262, ""distance"": 0.0}}"
22,ZVZ3,181,212,2085,88,0.9072,1.0,0.0,0.0,0.0,0.33,0.73,0.0,"{""match_0001"": {""filename"": ""24PR"", ""window_start"": 190, ""window_end"": 221, ""distance"": 0.0}, ""match_0002"": {""filename"": ""ZW7M"", ""window_start"": 1, ""window_end"": 32, ""distance"": 0.0}, ""match_0003"": {""filename"": ""GF46"", ""window_start"": 245, ""window_end"": 276, ""distance"": 0.0}, ""match_0004"": {""filename"": ""TGHV"", ""window_start"": 320, ""window_end"": 351, ""distance"": 0.0}, ""match_0005"": {""filename"": ""MGT4"", ""window_start"": 97, ""window_end"": 128, ""distance"": 0.0}, ""match_0006"": {""filename"": ""MBKT"", ""window_start"": 103, ""window_end"": 134, ""distance"": 0.0}, ""match_0007"": {""filename"": ""CTVZ"", ""window_start"": 85, ""window_end"": 116, ""distance"": 0.0}, ""match_0008"": {""filename"": ""TTMD"", ""window_start"": 419, ""window_end"": 450, ""distance"": 0.0}, ""match_0009"": {""filename"": ""F4CW"", ""window_start"": 183, ""window_end"": 214, ""distance"": 0.0}, ""match_0010"": {""filename"": ""W4G3"", ""window_start"": 231, ""window_end"": 262, ""distance"": 0.0}}"
23,Z2HJ,182,213,2082,88,0.9072,1.0,0.0,0.0,0.0,0.33,0.73,0.33,"{""match_0001"": {""filename"": ""24PR"", ""window_start"": 190, ""window_end"": 221, ""distance"": 0.0}, ""match_0002"": {""filename"": ""ZW7M"", ""window_start"": 1, ""window_end"": 32, ""distance"": 0.0}, ""match_0003"": {""filename"": ""GF46"", ""window_start"": 245, ""window_end"": 276, ""distance"": 0.0}, ""match_0004"": {""filename"": ""TGHV"", ""window_start"": 321, ""window_end"": 352, ""distance"": 0.0}, ""match_0005"": {""filename"": ""MGT4"", ""window_start"": 97, ""window_end"": 128, ""distance"": 0.0}, ""match_0006"": {""filename"": ""MBKT"", ""window_start"": 103, ""window_end"": 134, ""distance"": 0.0}, ""match_0007"": {""filename"": ""CTVZ"", ""window_start"": 86, ""window_end"": 117, ""distance"": 0.0}, ""match_0008"": {""filename"": ""H634"", ""window_start"": 244, ""window_end"": 275, ""distance"": 0.0}, ""match_0009"": {""filename"": ""F4CW"", ""window_start"": 185, ""window_end"": 216, ""distance"": 0.0}}"
24,DB72,92,123,2076,88,0.9072,1.0,0.0,0.0,0.0,0.33,0.73,0.33,"{""match_0001"": {""filename"": ""ZW7M"", ""window_start"": 0, ""window_end"": 31, ""distance"": 0.0}, ""match_0002"": {""filename"": ""ZVZ3"", ""window_start"": 181, ""window_end"": 212, ""distance"": 0.0}, ""match_0003"": {""filename"": ""H634"", ""window_start"": 244, ""window_end"": 275, ""distance"": 0.0}, ""match_0004"": {""filename"": ""24PR"", ""window_start"": 188, ""window_end"": 219, ""distance"": 0.0}, ""match_0005"": {""filename"": ""C6PH"", ""window_start"": 105, ""window_end"": 136, ""distance"": 0.0}, ""match_0006"": {""filename"": ""CTVZ"", ""window_start"": 85, ""window_end"": 116, ""distance"": 0.0}, ""match_0007"": {""filename"": ""3Y4K"", ""window_start"": 362, ""window_end"": 393, ""distance"": 0.0}, ""match_0008"": {""filename"": ""TTMD"", ""window_start"": 436, ""window_end"": 467, ""distance"": 0.0}, ""match_0009"": {""filename"": ""VGBM"", ""window_start"": 331, ""window_end"": 362, ""distance"": 0.0}, ""match_0010"": {""filename"": ""Z2HJ"", ""window_start"": 181, ""window_end"": 212, ""distance"": 0.0}}"
25,7GZW,142,173,2075,88,0.9072,1.0,0.0,0.0,0.0,0.33,0.73,0.33,"{""match_0001"": {""filename"": ""ZW7M"", ""window_start"": 1, ""window_end"": 32, ""distance"": 0.0}, ""match_0002"": {""filename"": ""ZVZ3"", ""window_start"": 181, ""window_end"": 212, ""distance"": 0.0}, ""match_0003"": {""filename"": ""24PR"", ""window_start"": 188, ""window_end"": 219, ""distance"": 0.0}, ""match_0004"": {""filename"": ""WY9R"", ""window_start"": 197, ""window_end"": 228, ""distance"": 0.0}, ""match_0005"": {""filename"": ""C6PH"", ""window_start"": 108, ""window_end"": 139, ""distance"": 0.0}, ""match_0006"": {""filename"": ""CTVZ"", ""window_start"": 86, ""window_end"": 117, ""distance"": 0.0}, ""match_0007"": {""filename"": ""WCYT"", ""window_start"": 144, ""window_end"": 175, ""distance"": 0.0}, ""match_0008"": {""filename"": ""3Y4K"", ""window_start"": 362, ""window_end"": 393, ""distance"": 0.0}, ""match_0009"": {""filename"": ""X2MP"", ""window_start"": 135, ""window_end"": 166, ""distance"": 0.0}}"
26,ZW7M,1,32,2073,88,0.9072,1.0,0.0,0.0,0.0,0.33,0.73,0.33,"{""match_0001"": {""filename"": ""ZVZ3"", ""window_start"": 181, ""window_end"": 212, ""distance"": 0.0}, ""match_0002"": {""filename"": ""YWTX"", ""window_start"": 149, ""window_end"": 180, ""distance"": 0.0}, ""match_0003"": {""filename"": ""3Y4K"", ""window_start"": 362, ""window_end"": 393, ""distance"": 0.0}, ""match_0004"": {""filename"": ""C6PH"", ""window_start"": 104, ""window_end"": 135, ""distance"": 0.0}, ""match_0005"": {""filename"": ""3FTG"", ""window_start"": 276, ""window_end"": 307, ""distance"": 0.0}, ""match_0006"": {""filename"": ""MBKT"", ""window_start"": 104, ""window_end"": 135, ""distance"": 0.0}, ""match_0007"": {""filename"": ""CTVZ"", ""window_start"": 86, ""window_end"": 117, ""distance"": 0.0}, ""match_0008"": {""filename"": ""TGHV"", ""window_start"": 320, ""window_end"": 351, ""distance"": 0.0}, ""match_0009"": {""filename"": ""TTMD"", ""window_start"": 420, ""window_end"": 451, ""distance"": 0.0}}"
27,C6PH,107,138,2071,88,0.9072,1.0,0.0,0.0,0.0,0.33,0.73,0.33,"{""match_0001"": {""filename"": ""ZBB2"", ""window_start"": 272, ""window_end"": 303, ""distance"": 0.0}, ""match_0002"": {""filename"": ""DF7J"", ""window_start"": 380, ""window_end"": 411, ""distance"": 0.0}, ""match_0003"": {""filename"": ""CTVZ"", ""window_start"": 85, ""window_end"": 116, ""distance"": 0.0}, ""match_0004"": {""filename"": ""F4CW"", ""window_start"": 182, ""window_end"": 213, ""distance"": 0.0}, ""match_0005"": {""filename"": ""DB72"", ""window_start"": 92, ""window_end"": 123, ""distance"": 0.0}, ""match_0006"": {""filename"": ""YWTX"", ""window_start"": 170, ""window_end"": 201, ""distance"": 0.0}, ""match_0007"": {""filename"": ""H634"", ""window_start"": 245, ""window_end"": 276, ""distance"": 0.0}, ""match_0008"": {""filename"": ""GF46"", ""window_start"": 245, ""window_end"": 276, ""distance"": 0.0}}"
28,F4CW,184,215,2067,88,0.9072,1.0,0.0,0.0,0.0,0.33,0.73,0.33,"{""match_0001"": {""filename"": ""24PR"", ""window_start"": 189, ""window_end"": 220, ""distance"": 0.0}, ""match_0002"": {""filename"": ""YWTX"", ""window_start"": 150, ""window_end"": 181, ""distance"": 0.0}, ""match_0003"": {""filename"": ""TTMD"", ""window_start"": 421, ""window_end"": 452, ""distance"": 0.0}, ""match_0004"": {""filename"": ""CTVZ"", ""window_start"": 86, ""window_end"": 117, ""distance"": 0.0}, ""match_0005"": {""filename"": ""C6PH"", ""window_start"": 109, ""window_end"": 140, ""distance"": 0.0}, ""match_0006"": {""filename"": ""J2RZ"", ""window_start"": 114, ""window_end"": 145, ""distance"": 0.0}}"
29,GF46,246,277,2067,88,0.9072,1.0,0.0,0.0,0.0,0.33,0.73,0.67,"{""match_0001"": {""filename"": ""ZW7M"", ""window_start"": 1, ""window_end"": 32, ""distance"": 0.0}, ""match_0002"": {""filename"": ""ZBB2"", ""window_start"": 273, ""window_end"": 304, ""distance"": 0.0}, ""match_0003"": {""filename"": ""H634"", ""window_start"": 245, ""window_end"": 276, ""distance"": 0.0}, ""match_0004"": {""filename"": ""24PR"", ""window_start"": 190, ""window_end"": 221, ""distance"": 0.0}, ""match_0005"": {""filename"": ""J2RZ"", ""window_start"": 114, ""window_end"": 145, ""distance"": 0.0}, ""match_0006"": {""filename"": ""J99Y"", ""window_start"": 94, ""window_end"": 125, ""distance"": 0.0}, ""match_0007"": {""filename"": ""DF7J"", ""window_start"": 380, ""window_end"": 411, ""distance"": 0.0}, ""match_0008"": {""filename"": ""F4CW"", ""window_start"": 182, ""window_end"": 213, ""distance"": 0.0}}"
30,DF7J,379,410,2063,88,0.9072,1.0,0.0,0.0,0.0,0.33,0.73,0.33,"{""match_0001"": {""filename"": ""MGT4"", ""window_start"": 97, ""window_end"": 128, ""distance"": 0.0}, ""match_0002"": {""filename"": ""MBKT"", ""window_start"": 103, ""window_end"": 134, ""distance"": 0.0}, ""match_0003"": {""filename"": ""W4G3"", ""window_start"": 232, ""window_end"": 263, ""distance"": 0.0}, ""match_0004"": {""filename"": ""W4G3"", ""window_start"": 311, ""window_end"": 342, ""distance"": 0.0}, ""match_0005"": {""filename"": ""W4G3"", ""window_start"": 310, ""window_end"": 341, ""distance"": 0.0}, ""match_0006"": {""filename"": ""W4G3"", ""window_start"": 313, ""window_end"": 344, ""distance"": 0.0}, ""match_0007"": {""filename"": ""W6D3"", ""window_start"": 177, ""window_end"": 208, ""distance"": 0.0}, ""match_0008"": {""filename"": ""W4G3"", ""window_start"": 312, ""window_end"": 343, ""distance"": 0.0}, ""match_0009"": {""filename"": ""VGBM"", ""window_start"": 330, ""window_end"": 361, ""distance"": 0.0}, ""match_0010"": {""filename"": ""GF46"", ""window_start"": 247, ""window_end"": 278, ""distance"": 0.0}}"
31,W6D3,178,209,2062,88,0.9072,1.0,0.0,0.0,0.0,0.33,0.73,0.0,"{""match_0001"": {""filename"": ""ZW7M"", ""window_start"": 1, ""window_end"": 32, ""distance"": 0.0}, ""match_0002"": {""filename"": ""ZVZ3"", ""window_start"": 181, ""window_end"": 212, ""distance"": 0.0}, ""match_0003"": {""filename"": ""3FTG"", ""window_start"": 276, ""window_end"": 307, ""distance"": 0.0}, ""match_0004"": {""filename"": ""YWTX"", ""window_start"": 150, ""window_end"": 181, ""distance"": 0.0}, ""match_0005"": {""filename"": ""C6PH"", ""window_start"": 108, ""window_end"": 139, ""distance"": 0.0}, ""match_0006"": {""filename"": ""DF7J"", ""window_start"": 377, ""window_end"": 408, ""distance"": 0.0}, ""match_0007"": {""filename"": ""F4CW"", ""window_start"": 185, ""window_end"": 216, ""distance"": 0.0}, ""match_0008"": {""filename"": ""GF46"", ""window_start"": 247, ""window_end"": 278, ""distance"": 0.0}}"
32,XHP3,140,171,2061,88,0.9072,1.0,0.0,0.0,0.0,0.33,0.73,0.0,"{""match_0001"": {""filename"": ""ZW7M"", ""window_start"": 1, ""window_end"": 32, ""distance"": 0.0}, ""match_0002"": {""filename"": ""ZVZ3"", ""window_start"": 181, ""window_end"": 212, ""distance"": 0.0}, ""match_0003"": {""filename"": ""GF46"", ""window_start"": 247, ""window_end"": 278, ""distance"": 0.0}, ""match_0004"": {""filename"": ""3FTG"", ""window_start"": 276, ""window_end"": 307, ""distance"": 0.0}, ""match_0005"": {""filename"": ""DF7J"", ""window_start"": 377, ""window_end"": 408, ""distance"": 0.0}, ""match_0006"": {""filename"": ""F4CW"", ""window_start"": 183, ""window_end"": 214, ""distance"": 0.0}, ""match_0007"": {""filename"": ""J2RZ"", ""window_start"": 122, ""window_end"": 153, ""distance"": 0.0}, ""match_0008"": {""filename"": ""DB72"", ""window_start"": 92, ""window_end"": 123, ""distance"": 0.0}, ""match_0009"": {""filename"": ""J99Y"", ""window_start"": 92, ""window_end"": 123, ""distance"": 0.0}}"
33,W4G3,232,263,2059,88,0.9072,1.0,0.0,0.0,0.0,0.33,0.73,0.33,"{""match_0001"": {""filename"": ""ZW7M"", ""window_start"": 1, ""window_end"": 32, ""distance"": 0.0}, ""match_0002"": {""filename"": ""24PR"", ""window_start"": 189, ""window_end"": 220, ""distance"": 0.0}, ""match_0003"": {""filename"": ""YWTX"", ""window_start"": 171, ""window_end"": 202, ""distance"": 0.0}, ""match_0004"": {""filename"": ""TTMD"", ""window_start"": 434, ""window_end"": 465, ""distance"": 0.0}, ""match_0005"": {""filename"": ""Z2HJ"", ""window_start"": 182, ""window_end"": 213, ""distance"": 0.0}, ""match_0006"": {""filename"": ""CTVZ"", ""window_start"": 86, ""window_end"": 117, ""distance"": 0.0}}"
34,W4G3,312,343,2059,88,0.9072,1.0,0.0,0.0,0.0,0.33,0.73,0.33,"{""match_0001"": {""filename"": ""ZW7M"", ""window_start"": 1, ""window_end"": 32, ""distance"": 0.0}, ""match_0002"": {""filename"": ""24PR"", ""window_start"": 189, ""window_end"": 220, ""distance"": 0.0}, ""match_0003"": {""filename"": ""YWTX"", ""window_start"": 171, ""window_end"": 202, ""distance"": 0.0}, ""match_0004"": {""filename"": ""TTMD"", ""window_start"": 434, ""window_end"": 465, ""distance"": 0.0}, ""match_0005"": {""filename"": ""Z2HJ"", ""window_start"": 182, ""window_end"": 213, ""distance"": 0.0}, ""match_0006"": {""filename"": ""CTVZ"", ""window_start"": 86, ""window_end"": 117, ""distance"": 0.0}}"
35,VGBM,332,363,2058,88,0.9072,1.0,0.0,0.0,0.0,0.33,0.73,0.67,"{""match_0001"": {""filename"": ""ZW7M"", ""window_start"": 1, ""window_end"": 32, ""distance"": 0.0}, ""match_0002"": {""filename"": ""3FTG"", ""window_start"": 275, ""window_end"": 306, ""distance"": 0.0}, ""match_0003"": {""filename"": ""ZBB2"", ""window_start"": 269, ""window_end"": 300, ""distance"": 0.0}, ""match_0004"": {""filename"": ""H634"", ""window_start"": 245, ""window_end"": 276, ""distance"": 0.0}, ""match_0005"": {""filename"": ""24PR"", ""window_start"": 190, ""window_end"": 221, ""distance"": 0.0}, ""match_0006"": {""filename"": ""GF46"", ""window_start"": 246, ""window_end"": 277, ""distance"": 0.0}, ""match_0007"": {""filename"": ""J2RZ"", ""window_start"": 122, ""window_end"": 153, ""distance"": 0.0}, ""match_0008"": {""filename"": ""DF7J"", ""window_start"": 377, ""window_end"": 408, ""distance"": 0.0}}"
36,J99Y,94,125,2055,88,0.9072,1.0,0.0,0.0,0.0,0.33,0.73,0.0,"{""match_0001"": {""filename"": ""ZBB2"", ""window_start"": 268, ""window_end"": 299, ""distance"": 0.0}, ""match_0002"": {""filename"": ""3FTG"", ""window_start"": 275, ""window_end"": 306, ""distance"": 0.0}, ""match_0003"": {""filename"": ""H634"", ""window_start"": 245, ""window_end"": 276, ""distance"": 0.0}, ""match_0004"": {""filename"": ""24PR"", ""window_start"": 188, ""window_end"": 219, ""distance"": 0.0}, ""match_0005"": {""filename"": ""J2RZ"", ""window_start"": 122, ""window_end"": 153, ""distance"": 0.0}, ""match_0006"": {""filename"": ""GF46"", ""window_start"": 245, ""window_end"": 276, ""distance"": 0.0}, ""match_0007"": {""filename"": ""DF7J"", ""window_start"": 380, ""window_end"": 411, ""distance"": 0.0}, ""match_0008"": {""filename"": ""DB72"", ""window_start"": 92, ""window_end"": 123, ""distance"": 0.0}, ""match_0009"": {""filename"": ""F4CW"", ""window_start"": 182, ""window_end"": 213, ""distance"": 0.0}}"
37,TTMD,434,465,2054,88,0.9072,1.0,0.0,0.0,0.0,0.33,0.73,0.33,"{""match_0001"": {""filename"": ""ZW7M"", ""window_start"": 1, ""window_end"": 32, ""distance"": 0.0}, ""match_0002"": {""filename"": ""ZBB2"", ""window_start"": 270, ""window_end"": 301, ""distance"": 0.0}, ""match_0003"": {""filename"": ""H634"", ""window_start"": 245, ""window_end"": 276, ""distance"": 0.0}, ""match_0004"": {""filename"": ""3FTG"", ""window_start"": 276, ""window_end"": 307, ""distance"": 0.0}, ""match_0005"": {""filename"": ""J2RZ"", ""window_start"": 122, ""window_end"": 153, ""distance"": 0.0}, ""match_0006"": {""filename"": ""GF46"", ""window_start"": 245, ""window_end"": 276, ""distance"": 0.0}, ""match_0007"": {""filename"": ""DF7J"", ""window_start"": 377, ""window_end"": 408, ""distance"": 0.0}, ""match_0008"": {""filename"": ""F4CW"", ""window_start"": 185, ""window_end"": 216, ""distance"": 0.0}, ""match_0009"": {""filename"": ""J99Y"", ""window_start"": 96, ""window_end"": 127, ""distance"": 0.0}}"
38,J2RZ,116,147,2047,88,0.9072,1.0,0.0,0.0,0.0,0.33,0.73,0.0,"{""match_0001"": {""filename"": ""ZBB2"", ""window_start"": 268, ""window_end"": 299, ""distance"": 0.0}, ""match_0002"": {""filename"": ""Z2HJ"", ""window_start"": 182, ""window_end"": 213, ""distance"": 0.0}, ""match_0003"": {""filename"": ""DB72"", ""window_start"": 92, ""window_end"": 123, ""distance"": 0.0}, ""match_0004"": {""filename"": ""C6PH"", ""window_start"": 104, ""window_end"": 135, ""distance"": 0.0}, ""match_0005"": {""filename"": ""GF46"", ""window_start"": 246, ""window_end"": 277, ""distance"": 0.0}, ""match_0006"": {""filename"": ""H634"", ""window_start"": 245, ""window_end"": 276, ""distance"": 0.0}, ""match_0007"": {""filename"": ""3Y4K"", ""window_start"": 361, ""window_end"": 392, ""distance"": 0.0}, ""match_0008"": {""filename"": ""F4CW"", ""window_start"": 183, ""window_end"": 214, ""distance"": 0.0}}"
39,TGHV,322,353,2047,88,0.9072,1.0,0.0,0.0,0.0,0.33,0.73,0.33,"{""match_0001"": {""filename"": ""ZBB2"", ""window_start"": 268, ""window_end"": 299, ""distance"": 0.0}, ""match_0002"": {""filename"": ""Z2HJ"", ""window_start"": 182, ""window_end"": 213, ""distance"": 0.0}, ""match_0003"": {""filename"": ""DF7J"", ""window_start"": 378, ""window_end"": 409, ""distance"": 0.0}, ""match_0004"": {""filename"": ""DB72"", ""window_start"": 92, ""window_end"": 123, ""distance"": 0.0}, ""match_0005"": {""filename"": ""C6PH"", ""window_start"": 108, ""window_end"": 139, ""distance"": 0.0}, ""match_0006"": {""filename"": ""GF46"", ""window_start"": 245, ""window_end"": 276, ""distance"": 0.0}, ""match_0007"": {""filename"": ""F4CW"", ""window_start"": 182, ""window_end"": 213, ""distance"": 0.0}}"
40,WCYT,226,257,2043,88,0.9072,1.0,0.0,0.0,0.0,0.33,0.73,0.67,"{""match_0001"": {""filename"": ""24PR"", ""window_start"": 190, ""window_end"": 221, ""distance"": 0.0}, ""match_0002"": {""filename"": ""ZBB2"", ""window_start"": 272, ""window_end"": 303, ""distance"": 0.0}, ""match_0003"": {""filename"": ""Z2HJ"", ""window_start"": 182, ""window_end"": 213, ""distance"": 0.0}, ""match_0004"": {""filename"": ""DF7J"", ""window_start"": 377, ""window_end"": 408, ""distance"": 0.0}, ""match_0005"": {""filename"": ""DB72"", ""window_start"": 92, ""window_end"": 123, ""distance"": 0.0}, ""match_0006"": {""filename"": ""GF46"", ""window_start"": 245, ""window_end"": 276, ""distance"": 0.0}, ""match_0007"": {""filename"": ""F4CW"", ""window_start"": 185, ""window_end"": 216, ""distance"": 0.0}, ""match_0008"": {""filename"": ""J2RZ"", ""window_start"": 115, ""window_end"": 146, ""distance"": 0.0}}"
41,X2MP,138,169,2036,88,0.9072,1.0,0.0,0.0,0.0,0.33,0.73,0.0,"{""match_0001"": {""filename"": ""ZW7M"", ""window_start"": 1, ""window_end"": 32, ""distance"": 0.0}, ""match_0002"": {""filename"": ""ZVZ3"", ""window_start"": 181, ""window_end"": 212, ""distance"": 0.0}, ""match_0003"": {""filename"": ""ZBB2"", ""window_start"": 268, ""window_end"": 299, ""distance"": 0.0}, ""match_0004"": {""filename"": ""MBKT"", ""window_start"": 104, ""window_end"": 135, ""distance"": 0.0}, ""match_0005"": {""filename"": ""J2RZ"", ""window_start"": 115, ""window_end"": 146, ""distance"": 0.0}, ""match_0006"": {""filename"": ""J99Y"", ""window_start"": 92, ""window_end"": 123, ""distance"": 0.0}, ""match_0007"": {""filename"": ""MGT4"", ""window_start"": 97, ""window_end"": 128, ""distance"": 0.0}}"
42,X2MP,205,236,2036,88,0.9072,1.0,0.0,0.0,0.0,0.33,0.73,0.33,"{""match_0001"": {""filename"": ""ZW7M"", ""window_start"": 1, ""window_end"": 32, ""distance"": 0.0}, ""match_0002"": {""filename"": ""ZVZ3"", ""window_start"": 181, ""window_end"": 212, ""distance"": 0.0}, ""match_0003"": {""filename"": ""ZBB2"", ""window_start"": 268, ""window_end"": 299, ""distance"": 0.0}, ""match_0004"": {""filename"": ""MBKT"", ""window_start"": 104, ""window_end"": 135, ""distance"": 0.0}, ""match_0005"": {""filename"": ""J2RZ"", ""window_start"": 115, ""window_end"": 146, ""distance"": 0.0}, ""match_0006"": {""filename"": ""J99Y"", ""window_start"": 92, ""window_end"": 123, ""distance"": 0.0}, ""match_0007"": {""filename"": ""MGT4"", ""window_start"": 97, ""window_end"": 128, ""distance"": 0.0}}"
43,YWTX,169,200,2022,88,0.9072,1.0,0.0,0.0,0.0,0.33,0.73,0.0,"{""match_0001"": {""filename"": ""ZW7M"", ""window_start"": 1, ""window_end"": 32, ""distance"": 0.0}, ""match_0002"": {""filename"": ""3FTG"", ""window_start"": 275, ""window_end"": 306, ""distance"": 0.0}, ""match_0003"": {""filename"": ""ZBB2"", ""window_start"": 268, ""window_end"": 299, ""distance"": 0.0}, ""match_0004"": {""filename"": ""DF7J"", ""window_start"": 379, ""window_end"": 410, ""distance"": 0.0}, ""match_0005"": {""filename"": ""H634"", ""window_start"": 245, ""window_end"": 276, ""distance"": 0.0}, ""match_0006"": {""filename"": ""GF46"", ""window_start"": 247, ""window_end"": 278, ""distance"": 0.0}, ""match_0007"": {""filename"": ""F4CW"", ""window_start"": 185, ""window_end"": 216, ""distance"": 0.0}, ""match_0008"": {""filename"": ""J2RZ"", ""window_start"": 114, ""window_end"": 145, ""distance"": 0.0}, ""match_0009"": {""filename"": ""J99Y"", ""window_start"": 92, ""window_end"": 123, ""distance"": 0.0}}"
44,H634,245,276,1991,88,0.9072,1.0,0.0,0.0,0.0,0.33,0.73,0.33,"{""match_0001"": {""filename"": ""ZW7M"", ""window_start"": 1, ""window_end"": 32, ""distance"": 0.0}, ""match_0002"": {""filename"": ""ZVZ3"", ""window_start"": 181, ""window_end"": 212, ""distance"": 0.0}, ""match_0003"": {""filename"": ""ZBB2"", ""window_start"": 269, ""window_end"": 300, ""distance"": 0.0}, ""match_0004"": {""filename"": ""3FTG"", ""window_start"": 276, ""window_end"": 307, ""distance"": 0.0}, ""match_0005"": {""filename"": ""J2RZ"", ""window_start"": 117, ""window_end"": 148, ""distance"": 0.0}, ""match_0006"": {""filename"": ""GF46"", ""window_start"": 247, ""window_end"": 278, ""distance"": 0.0}, ""match_0007"": {""filename"": ""J99Y"", ""window_start"": 96, ""window_end"": 127, ""distance"": 0.0}, ""match_0008"": {""filename"": ""F4CW"", ""window_start"": 182, ""window_end"": 213, ""distance"": 0.0}}"
45,9CKC,360,391,1989,88,0.9072,1.0,0.0,0.0,0.0,0.33,0.73,0.0,"{""match_0001"": {""filename"": ""ZW7M"", ""window_start"": 1, ""window_end"": 32, ""distance"": 0.0}, ""match_0002"": {""filename"": ""ZVZ3"", ""window_start"": 181, ""window_end"": 212, ""distance"": 0.0}, ""match_0003"": {""filename"": ""YWTX"", ""window_start"": 172, ""window_end"": 203, ""distance"": 0.0}, ""match_0004"": {""filename"": ""Z2HJ"", ""window_start"": 181, ""window_end"": 212, ""distance"": 0.0}, ""match_0005"": {""filename"": ""3FTG"", ""window_start"": 275, ""window_end"": 306, ""distance"": 0.0}, ""match_0006"": {""filename"": ""DF7J"", ""window_start"": 377, ""window_end"": 408, ""distance"": 0.0}, ""match_0007"": {""filename"": ""CTVZ"", ""window_start"": 86, ""window_end"": 117, ""distance"": 0.0}, ""match_0008"": {""filename"": ""DB72"", ""window_start"": 92, ""window_end"": 123, ""distance"": 0.0}, ""match_0009"": {""filename"": ""F4CW"", ""window_start"": 185, ""window_end"": 216, ""distance"": 0.0}, ""match_0010"": {""filename"": ""C6PH"", ""window_start"": 105, ""window_end"": 136, ""distance"": 0.0}}"
46,3Y4K,362,393,1952,88,0.9072,1.0,0.0,0.0,0.0,0.33,0.73,0.0,"{""match_0001"": {""filename"": ""ZW7M"", ""window_start"": 1, ""window_end"": 32, ""distance"": 0.0}, ""match_0002"": {""filename"": ""ZVZ3"", ""window_start"": 181, ""window_end"": 212, ""distance"": 0.0}, ""match_0003"": {""filename"": ""3FTG"", ""window_start"": 275, ""window_end"": 306, ""distance"": 0.0}, ""match_0004"": {""filename"": ""F4CW"", ""window_start"": 182, ""window_end"": 213, ""distance"": 0.0}, ""match_0005"": {""filename"": ""DF7J"", ""window_start"": 380, ""window_end"": 411, ""distance"": 0.0}, ""match_0006"": {""filename"": ""GF46"", ""window_start"": 246, ""window_end"": 277, ""distance"": 0.0}, ""match_0007"": {""filename"": ""DB72"", ""window_start"": 92, ""window_end"": 123, ""distance"": 0.0}, ""match_0008"": {""filename"": ""J2RZ"", ""window_start"": 114, ""window_end"": 145, ""distance"": 0.0}, ""match_0009"": {""filename"": ""YWTX"", ""window_start"": 149, ""window_end"": 180, ""distance"": 0.0}, ""match_0010"": {""filename"": ""H634"", ""window_start"": 245, ""window_end"": 276, ""distance"": 0.0}}"
47,4ZY2,94,125,1193,84,0.866,1.0,0.0,0.0,0.0,0.67,0.73,0.67,"{""match_0001"": {""filename"": ""ZW7M"", ""window_start"": 158, ""window_end"": 189, ""distance"": 0.0}, ""match_0002"": {""filename"": ""ZCD7"", ""window_start"": 86, ""window_end"": 117, ""distance"": 0.0}, ""match_0003"": {""filename"": ""3J3Y"", ""window_start"": 68, ""window_end"": 99, ""distance"": 0.0}, ""match_0004"": {""filename"": ""TGHV"", ""window_start"": 293, ""window_end"": 324, ""distance"": 0.0}, ""match_0005"": {""filename"": ""24PR"", ""window_start"": 306, ""window_end"": 337, ""distance"": 0.0}, ""match_0006"": {""filename"": ""3Y4K"", ""window_start"": 494, ""window_end"": 525, ""distance"": 0.0}, ""match_0007"": {""filename"": ""4B79"", ""window_start"": 154, ""window_end"": 185, ""distance"": 0.0}}"
48,MCZJ,308,339,1193,84,0.866,1.0,0.0,0.0,0.0,0.67,0.73,0.0,"{""match_0001"": {""filename"": ""ZW7M"", ""window_start"": 158, ""window_end"": 189, ""distance"": 0.0}, ""match_0002"": {""filename"": ""3J3Y"", ""window_start"": 68, ""window_end"": 99, ""distance"": 0.0}, ""match_0003"": {""filename"": ""YWTX"", ""window_start"": 135, ""window_end"": 166, ""distance"": 0.0}, ""match_0004"": {""filename"": ""3Y4K"", ""window_start"": 495, ""window_end"": 526, ""distance"": 0.0}, ""match_0005"": {""filename"": ""YWTX"", ""window_start"": 42, ""window_end"": 73, ""distance"": 0.0}, ""match_0006"": {""filename"": ""YWTX"", ""window_start"": 41, ""window_end"": 72, ""distance"": 0.0}, ""match_0007"": {""filename"": ""J99Y"", ""window_start"": 103, ""window_end"": 134, ""distance"": 0.0}, ""match_0008"": {""filename"": ""J99Y"", ""window_start"": 274, ""window_end"": 305, ""distance"": 0.0}, ""match_0009"": {""filename"": ""J99Y"", ""window_start"": 275, ""window_end"": 306, ""distance"": 0.0}}"
49,4FH6,338,369,1186,84,0.866,1.0,0.0,0.0,0.0,0.67,0.73,0.33,"{""match_0001"": {""filename"": ""ZBB2"", ""window_start"": 277, ""window_end"": 308, ""distance"": 0.0}, ""match_0002"": {""filename"": ""KYVM"", ""window_start"": 166, ""window_end"": 197, ""distance"": 0.0}, ""match_0003"": {""filename"": ""J99Y"", ""window_start"": 274, ""window_end"": 305, ""distance"": 0.0}, ""match_0004"": {""filename"": ""24PR"", ""window_start"": 306, ""window_end"": 337, ""distance"": 0.0}, ""match_0005"": {""filename"": ""MCZJ"", ""window_start"": 308, ""window_end"": 339, ""distance"": 0.0}, ""match_0006"": {""filename"": ""J99Y"", ""window_start"": 103, ""window_end"": 134, ""distance"": 0.0}, ""match_0007"": {""filename"": ""TGHV"", ""window_start"": 296, ""window_end"": 327, ""distance"": 0.0}, ""match_0008"": {""filename"": ""J99Y"", ""window_start"": 104, ""window_end"": 135, ""distance"": 0.0}, ""match_0009"": {""filename"": ""W4G3"", ""window_start"": 151, ""window_end"": 182, ""distance"": 0.0}, ""match_0010"": {""filename"": ""VCD9"", ""window_start"": 187, ""window_end"": 218, ""distance"": 0.0}}"
50,ZW7M,156,187,1186,84,0.866,1.0,0.0,0.0,0.0,0.67,0.73,0.33,"{""match_0001"": {""filename"": ""ZCD7"", ""window_start"": 86, ""window_end"": 117, ""distance"": 0.0}, ""match_0002"": {""filename"": ""3J3Y"", ""window_start"": 67, ""window_end"": 98, ""distance"": 0.0}, ""match_0003"": {""filename"": ""YWTX"", ""window_start"": 134, ""window_end"": 165, ""distance"": 0.0}, ""match_0004"": {""filename"": ""YWTX"", ""window_start"": 42, ""window_end"": 73, ""distance"": 0.0}, ""match_0005"": {""filename"": ""YWTX"", ""window_start"": 41, ""window_end"": 72, ""distance"": 0.0}, ""match_0006"": {""filename"": ""3Y4K"", ""window_start"": 495, ""window_end"": 526, ""distance"": 0.0}, ""match_0007"": {""filename"": ""J99Y"", ""window_start"": 276, ""window_end"": 307, ""distance"": 0.0}, ""match_0008"": {""filename"": ""KYVM"", ""window_start"": 166, ""window_end"": 197, ""distance"": 0.0}}"
51,7W7C,137,168,1185,84,0.866,1.0,0.0,0.0,0.0,0.67,0.73,0.0,"{""match_0001"": {""filename"": ""3J3Y"", ""window_start"": 67, ""window_end"": 98, ""distance"": 0.0}, ""match_0002"": {""filename"": ""ZBB2"", ""window_start"": 42, ""window_end"": 73, ""distance"": 0.0}, ""match_0003"": {""filename"": ""ZBB2"", ""window_start"": 277, ""window_end"": 308, ""distance"": 0.0}, ""match_0004"": {""filename"": ""ZBB2"", ""window_start"": 278, ""window_end"": 309, ""distance"": 0.0}, ""match_0005"": {""filename"": ""YWTX"", ""window_start"": 135, ""window_end"": 166, ""distance"": 0.0}, ""match_0006"": {""filename"": ""XHP3"", ""window_start"": 162, ""window_end"": 193, ""distance"": 0.0}, ""match_0007"": {""filename"": ""YWTX"", ""window_start"": 41, ""window_end"": 72, ""distance"": 0.0}, ""match_0008"": {""filename"": ""YWTX"", ""window_start"": 42, ""window_end"": 73, ""distance"": 0.0}, ""match_0009"": {""filename"": ""XCDP"", ""window_start"": 133, ""window_end"": 164, ""distance"": 0.0}, ""match_0010"": {""filename"": ""XHP3"", ""window_start"": 29, ""window_end"": 60, ""distance"": 0.0}}"
52,W4G3,151,182,1185,84,0.866,1.0,0.0,0.0,0.0,0.67,0.73,0.33,"{""match_0001"": {""filename"": ""ZBB2"", ""window_start"": 278, ""window_end"": 309, ""distance"": 0.0}, ""match_0002"": {""filename"": ""J99Y"", ""window_start"": 104, ""window_end"": 135, ""distance"": 0.0}, ""match_0003"": {""filename"": ""24PR"", ""window_start"": 306, ""window_end"": 337, ""distance"": 0.0}, ""match_0004"": {""filename"": ""KYVM"", ""window_start"": 168, ""window_end"": 199, ""distance"": 0.0}, ""match_0005"": {""filename"": ""J99Y"", ""window_start"": 274, ""window_end"": 305, ""distance"": 0.0}, ""match_0006"": {""filename"": ""MCZJ"", ""window_start"": 307, ""window_end"": 338, ""distance"": 0.0}, ""match_0007"": {""filename"": ""TGHV"", ""window_start"": 295, ""window_end"": 326, ""distance"": 0.0}, ""match_0008"": {""filename"": ""J99Y"", ""window_start"": 277, ""window_end"": 308, ""distance"": 0.0}, ""match_0009"": {""filename"": ""J99Y"", ""window_start"": 276, ""window_end"": 307, ""distance"": 0.0}, ""match_0010"": {""filename"": ""J99Y"", ""window_start"": 275, ""window_end"": 306, ""distance"": 0.0}}"
53,24PR,306,337,1184,84,0.866,1.0,0.0,0.0,0.0,0.67,0.73,0.33,"{""match_0001"": {""filename"": ""3Y4K"", ""window_start"": 493, ""window_end"": 524, ""distance"": 0.0}, ""match_0002"": {""filename"": ""KYVM"", ""window_start"": 167, ""window_end"": 198, ""distance"": 0.0}, ""match_0003"": {""filename"": ""J99Y"", ""window_start"": 274, ""window_end"": 305, ""distance"": 0.0}, ""match_0004"": {""filename"": ""3J3Y"", ""window_start"": 68, ""window_end"": 99, ""distance"": 0.0}, ""match_0005"": {""filename"": ""J99Y"", ""window_start"": 103, ""window_end"": 134, ""distance"": 0.0}, ""match_0006"": {""filename"": ""TTRG"", ""window_start"": 56, ""window_end"": 87, ""distance"": 0.0}, ""match_0007"": {""filename"": ""MCZJ"", ""window_start"": 308, ""window_end"": 339, ""distance"": 0.0}, ""match_0008"": {""filename"": ""R7Y2"", ""window_start"": 172, ""window_end"": 203, ""distance"": 0.0}}"
54,B3BV,164,195,1184,84,0.866,1.0,0.0,0.0,0.0,0.67,0.73,0.33,"{""match_0001"": {""filename"": ""3J3Y"", ""window_start"": 67, ""window_end"": 98, ""distance"": 0.0}, ""match_0002"": {""filename"": ""ZBB2"", ""window_start"": 43, ""window_end"": 74, ""distance"": 0.0}, ""match_0003"": {""filename"": ""ZBB2"", ""window_start"": 278, ""window_end"": 309, ""distance"": 0.0}, ""match_0004"": {""filename"": ""ZBB2"", ""window_start"": 277, ""window_end"": 308, ""distance"": 0.0}, ""match_0005"": {""filename"": ""XHP3"", ""window_start"": 164, ""window_end"": 195, ""distance"": 0.0}, ""match_0006"": {""filename"": ""YWTX"", ""window_start"": 136, ""window_end"": 167, ""distance"": 0.0}, ""match_0007"": {""filename"": ""YWTX"", ""window_start"": 41, ""window_end"": 72, ""distance"": 0.0}, ""match_0008"": {""filename"": ""YWTX"", ""window_start"": 42, ""window_end"": 73, ""distance"": 0.0}, ""match_0009"": {""filename"": ""X3KR"", ""window_start"": 38, ""window_end"": 69, ""distance"": 0.0}, ""match_0010"": {""filename"": ""XHP3"", ""window_start"": 30, ""window_end"": 61, ""distance"": 0.0}}"
55,VCD9,185,216,1184,84,0.866,1.0,0.0,0.0,0.0,0.67,0.73,0.33,"{""match_0001"": {""filename"": ""3J3Y"", ""window_start"": 67, ""window_end"": 98, ""distance"": 0.0}, ""match_0002"": {""filename"": ""ZBB2"", ""window_start"": 43, ""window_end"": 74, ""distance"": 0.0}, ""match_0003"": {""filename"": ""ZBB2"", ""window_start"": 278, ""window_end"": 309, ""distance"": 0.0}, ""match_0004"": {""filename"": ""ZBB2"", ""window_start"": 277, ""window_end"": 308, ""distance"": 0.0}, ""match_0005"": {""filename"": ""XHP3"", ""window_start"": 164, ""window_end"": 195, ""distance"": 0.0}, ""match_0006"": {""filename"": ""YWTX"", ""window_start"": 136, ""window_end"": 167, ""distance"": 0.0}, ""match_0007"": {""filename"": ""YWTX"", ""window_start"": 41, ""window_end"": 72, ""distance"": 0.0}, ""match_0008"": {""filename"": ""YWTX"", ""window_start"": 42, ""window_end"": 73, ""distance"": 0.0}, ""match_0009"": {""filename"": ""X3KR"", ""window_start"": 38, ""window_end"": 69, ""distance"": 0.0}, ""match_0010"": {""filename"": ""XHP3"", ""window_start"": 30, ""window_end"": 61, ""distance"": 0.0}}"
56,R7Y2,172,203,1183,84,0.866,1.0,0.0,0.0,0.0,0.67,0.73,0.0,"{""match_0001"": {""filename"": ""ZW7M"", ""window_start"": 158, ""window_end"": 189, ""distance"": 0.0}, ""match_0002"": {""filename"": ""3J3Y"", ""window_start"": 68, ""window_end"": 99, ""distance"": 0.0}, ""match_0003"": {""filename"": ""ZBB2"", ""window_start"": 42, ""window_end"": 73, ""distance"": 0.0}, ""match_0004"": {""filename"": ""XHP3"", ""window_start"": 161, ""window_end"": 192, ""distance"": 0.0}, ""match_0005"": {""filename"": ""YWTX"", ""window_start"": 136, ""window_end"": 167, ""distance"": 0.0}, ""match_0006"": {""filename"": ""YWTX"", ""window_start"": 42, ""window_end"": 73, ""distance"": 0.0}, ""match_0007"": {""filename"": ""YWTX"", ""window_start"": 41, ""window_end"": 72, ""distance"": 0.0}, ""match_0008"": {""filename"": ""XHP3"", ""window_start"": 195, ""window_end"": 226, ""distance"": 0.0}, ""match_0009"": {""filename"": ""XHP3"", ""window_start"": 196, ""window_end"": 227, ""distance"": 0.0}}"
57,ZCD7,84,115,1182,84,0.866,1.0,0.0,0.0,0.0,0.67,0.73,0.67,"{""match_0001"": {""filename"": ""ZW7M"", ""window_start"": 158, ""window_end"": 189, ""distance"": 0.0}, ""match_0002"": {""filename"": ""3J3Y"", ""window_start"": 69, ""window_end"": 100, ""distance"": 0.0}, ""match_0003"": {""filename"": ""YWTX"", ""window_start"": 135, ""window_end"": 166, ""distance"": 0.0}, ""match_0004"": {""filename"": ""YWTX"", ""window_start"": 42, ""window_end"": 73, ""distance"": 0.0}, ""match_0005"": {""filename"": ""XHP3"", ""window_start"": 162, ""window_end"": 193, ""distance"": 0.0}, ""match_0006"": {""filename"": ""XHP3"", ""window_start"": 195, ""window_end"": 226, ""distance"": 0.0}, ""match_0007"": {""filename"": ""YWTX"", ""window_start"": 41, ""window_end"": 72, ""distance"": 0.0}, ""match_0008"": {""filename"": ""XHP3"", ""window_start"": 37, ""window_end"": 68, ""distance"": 0.0}, ""match_0009"": {""filename"": ""XHP3"", ""window_start"": 196, ""window_end"": 227, ""distance"": 0.0}, ""match_0010"": {""filename"": ""3Y4K"", ""window_start"": 493, ""window_end"": 524, ""distance"": 0.0}}"
58,3J3Y,68,99,1181,84,0.866,1.0,0.0,0.0,0.0,0.67,0.73,0.33,"{""match_0001"": {""filename"": ""ZW7M"", ""window_start"": 158, ""window_end"": 189, ""distance"": 0.0}, ""match_0002"": {""filename"": ""ZBB2"", ""window_start"": 43, ""window_end"": 74, ""distance"": 0.0}, ""match_0003"": {""filename"": ""XHP3"", ""window_start"": 196, ""window_end"": 227, ""distance"": 0.0}, ""match_0004"": {""filename"": ""XHP3"", ""window_start"": 164, ""window_end"": 195, ""distance"": 0.0}, ""match_0005"": {""filename"": ""XHP3"", ""window_start"": 163, ""window_end"": 194, ""distance"": 0.0}, ""match_0006"": {""filename"": ""YWTX"", ""window_start"": 136, ""window_end"": 167, ""distance"": 0.0}, ""match_0007"": {""filename"": ""YWTX"", ""window_start"": 42, ""window_end"": 73, ""distance"": 0.0}, ""match_0008"": {""filename"": ""YWTX"", ""window_start"": 41, ""window_end"": 72, ""distance"": 0.0}, ""match_0009"": {""filename"": ""XHP3"", ""window_start"": 29, ""window_end"": 60, ""distance"": 0.0}, ""match_0010"": {""filename"": ""XCDP"", ""window_start"": 133, ""window_end"": 164, ""distance"": 0.0}}"
59,YWTX,42,73,1176,84,0.866,1.0,0.0,0.0,0.0,0.67,0.73,0.33,"{""match_0001"": {""filename"": ""ZW7M"", ""window_start"": 158, ""window_end"": 189, ""distance"": 0.0}, ""match_0002"": {""filename"": ""3J3Y"", ""window_start"": 68, ""window_end"": 99, ""distance"": 0.0}, ""match_0003"": {""filename"": ""ZBB2"", ""window_start"": 42, ""window_end"": 73, ""distance"": 0.0}, ""match_0004"": {""filename"": ""XHP3"", ""window_start"": 160, ""window_end"": 191, ""distance"": 0.0}, ""match_0005"": {""filename"": ""XHP3"", ""window_start"": 195, ""window_end"": 226, ""distance"": 0.0}, ""match_0006"": {""filename"": ""XHP3"", ""window_start"": 37, ""window_end"": 68, ""distance"": 0.0}, ""match_0007"": {""filename"": ""XHP3"", ""window_start"": 36, ""window_end"": 67, ""distance"": 0.0}, ""match_0008"": {""filename"": ""XHP3"", ""window_start"": 196, ""window_end"": 227, ""distance"": 0.0}, ""match_0009"": {""filename"": ""XHP3"", ""window_start"": 35, ""window_end"": 66, ""distance"": 0.0}, ""match_0010"": {""filename"": ""3Y4K"", ""window_start"": 493, ""window_end"": 524, ""distance"": 0.0}}"
60,YWTX,135,166,1176,84,0.866,1.0,0.0,0.0,0.0,0.67,0.73,0.0,"{""match_0001"": {""filename"": ""ZW7M"", ""window_start"": 158, ""window_end"": 189, ""distance"": 0.0}, ""match_0002"": {""filename"": ""3J3Y"", ""window_start"": 68, ""window_end"": 99, ""distance"": 0.0}, ""match_0003"": {""filename"": ""ZBB2"", ""window_start"": 42, ""window_end"": 73, ""distance"": 0.0}, ""match_0004"": {""filename"": ""XHP3"", ""window_start"": 160, ""window_end"": 191, ""distance"": 0.0}, ""match_0005"": {""filename"": ""XHP3"", ""window_start"": 195, ""window_end"": 226, ""distance"": 0.0}, ""match_0006"": {""filename"": ""XHP3"", ""window_start"": 37, ""window_end"": 68, ""distance"": 0.0}, ""match_0007"": {""filename"": ""XHP3"", ""window_start"": 36, ""window_end"": 67, ""distance"": 0.0}, ""match_0008"": {""filename"": ""XHP3"", ""window_start"": 196, ""window_end"": 227, ""distance"": 0.0}, ""match_0009"": {""filename"": ""XHP3"", ""window_start"": 35, ""window_end"": 66, ""distance"": 0.0}, ""match_0010"": {""filename"": ""3Y4K"", ""window_start"": 493, ""window_end"": 524, ""distance"": 0.0}}"
